学科类别,类别,学科代码及名称,学校名称
人文社科类,一级学科,0101 哲学,北京大学
人文社科类,一级学科,0101 哲学,中国人民大学
人文社科类,一级学科,0101 哲学,复旦大学
人文社科类,二级学科,010101 马克思主义哲学,北京师范大学
人文社科类,二级学科,010101 马克思主义哲学,南开大学
人文社科类,二级学科,010101 马克思主义哲学,吉林大学
人文社科类,二级学科,010101 马克思主义哲学,南京大学
人文社科类,二级学科,010101 马克思主义哲学,武汉大学
人文社科类,二级学科,010101 马克思主义哲学,中山大学
人文社科类,二级学科,010101 马克思主义哲学,中共中央党校
人文社科类,二级学科,010102 中国哲学,武汉大学
人文社科类,二级学科,010104 逻辑学,中山大学
人文社科类,二级学科,010105 伦理学,湖南师范大学
人文社科类,二级学科,010107 宗教学,四川大学
人文社科类,二级学科,010108 科学技术哲学,山西大学
人文社科类,二级学科,010108 科学技术哲学,东北大学
人文社科类,二级学科,010101 马克思主义哲学,黑龙江大学
人文社科类,二级学科,010102 中国哲学,华东师范大学
人文社科类,二级学科,010102 中国哲学,中山大学
人文社科类,二级学科,010103 外国哲学,浙江大学
人文社科类,一级学科,0201 理论经济学,北京大学
人文社科类,一级学科,0201 理论经济学,中国人民大学
人文社科类,一级学科,0201 理论经济学,南开大学
人文社科类,一级学科,0201 理论经济学,复旦大学
人文社科类,一级学科,0201 理论经济学,厦门大学
人文社科类,一级学科,0201 理论经济学,武汉大学
人文社科类,二级学科,020101 政治经济学,南京大学
人文社科类,二级学科,020101 政治经济学,四川大学
人文社科类,二级学科,020101 政治经济学,西南财经大学
人文社科类,二级学科,020101 政治经济学,西北大学
人文社科类,二级学科,020102 经济思想史,上海财经大学
人文社科类,二级学科,020104 西方经济学,华中科技大学
人文社科类,二级学科,020105 世界经济,辽宁大学
人文社科类,二级学科,020102 政治经济学,浙江大学
人文社科类,二级学科,020103 经济史,中南财经政法大学
人文社科类,二级学科,020105 世界经济,北京师范大学
人文社科类,二级学科,020105 世界经济,南京大学
人文社科类,二级学科,020106 人口、资源与环境经济学,新疆大学
人文社科类,一级学科,0202应用经济学,中国人民大学
人文社科类,一级学科,0202应用经济学,中央财经大学
人文社科类,一级学科,0202应用经济学,南开大学
人文社科类,一级学科,0202应用经济学,厦门大学
人文社科类,二级学科,020201国民经济学,北京大学
人文社科类,二级学科,020201国民经济学,辽宁大学
人文社科类,二级学科,020202区域经济学,兰州大学
人文社科类,二级学科,020203财政学,东北财经大学
人文社科类,二级学科,020203财政学,上海财经大学
人文社科类,二级学科,020203财政学,中南财经政法大学
人文社科类,二级学科,020204金融学,辽宁大学
人文社科类,二级学科,020204金融学,复旦大学
人文社科类,二级学科,020204金融学,武汉大学
人文社科类,二级学科,020204金融学,中南财经政法大学
人文社科类,二级学科,020204金融学,暨南大学
人文社科类,二级学科,020204金融学,西南财经大学
人文社科类,二级学科,020205产业经济学,北京交通大学
人文社科类,二级学科,020205产业经济学,东北财经大学
人文社科类,二级学科,020205产业经济学,复旦大学
人文社科类,二级学科,020205产业经济学,山东大学
人文社科类,二级学科,020205产业经济学,暨南大学
人文社科类,二级学科,020205产业经济学,西安交通大学
人文社科类,二级学科,020206国际贸易学,对外经济贸易大学
人文社科类,二级学科,020206国际贸易学,湖南大学
人文社科类,二级学科,020207劳动经济学,首都经济贸易大学
人文社科类,二级学科,020208统计学,天津财经大学
人文社科类,二级学科,020208统计学,西南财经大学
人文社科类,二级学科,020209数量经济学,清华大学，北京协和医学院—清华大学医学部
人文社科类,二级学科,020209数量经济学,吉林大学
人文社科类,二级学科,020209数量经济学,华侨大学
人文社科类,二级学科,020210国防经济,国防大学
人文社科类,二级学科,020210国防经济,军事经济学院
人文社科类,二级学科,020204金融学,上海财经大学
人文社科类,二级学科,020205产业经济学,江西财经大学
人文社科类,二级学科,020209数量经济学,东北财经大学
人文社科类,一级学科,0301法学,北京大学
人文社科类,一级学科,0301法学,中国人民大学
人文社科类,一级学科,0301法学,中国政法大学
人文社科类,二级学科,030101法学理论,吉林大学
人文社科类,二级学科,030102法律史,华东政法大学
人文社科类,二级学科,030103宪法学与行政法学,浙江大学
人文社科类,二级学科,030104刑法学,吉林大学
人文社科类,二级学科,030105民商法学,中南财经政法大学
人文社科类,二级学科,030106诉讼法学,西南政法大学
人文社科类,二级学科,030107经济法学,西南政法大学
人文社科类,二级学科,030108环境与资源保护法学,武汉大学
人文社科类,二级学科,030109国际法学,对外经济贸易大学
人文社科类,二级学科,030109国际法学,厦门大学
人文社科类,二级学科,030109国际法学,武汉大学
人文社科类,二级学科,030101法学理论,南京师范大学
人文社科类,二级学科,030103宪法学与行政法学,武汉大学
人文社科类,二级学科,030107经济法学,南京大学
人文社科类,一级学科,0302政治学,北京大学
人文社科类,二级学科,030201政治学理论,南开大学
人文社科类,二级学科,030201政治学理论,天津师范大学
人文社科类,二级学科,030201政治学理论,吉林大学
人文社科类,二级学科,030201政治学理论,复旦大学
人文社科类,二级学科,030202中外政治制度,华中师范大学
人文社科类,二级学科,030203科学社会主义与国际共产主义运动,山东大学
人文社科类,二级学科,030203科学社会主义与国际共产主义运动,华中师范大学
人文社科类,二级学科,030203科学社会主义与国际共产主义运动,中共中央党校
人文社科类,二级学科,030204中共党史,中国人民大学
人文社科类,二级学科,030204中共党史,中共中央党校
人文社科类,二级学科,030206国际政治,中国人民大学
人文社科类,二级学科,030207国际关系,复旦大学
人文社科类,一级学科,0303社会学,北京大学
人文社科类,一级学科,0303社会学,中国人民大学
人文社科类,二级学科,0303社会学,上海大学
人文社科类,二级学科,0303社会学,南京大学
人文社科类,二级学科,030303人类学,中山大学
人文社科类,二级学科,030304民俗学,北京师范大学
人文社科类,二级学科,0303社会学,中山大学
人文社科类,二级学科,0304民族学,中央民族大学
人文社科类,二级学科,0304民族学,云南大学
人文社科类,二级学科,0304民族学,兰州大学
人文社科类,二级学科,030403中国少数民族经济,中央民族大学
人文社科类,一级学科,0401教育学,北京师范大学
人文社科类,一级学科,0401教育学,华东师范大学
人文社科类,二级学科,040101教育学原理,东北师范大学
人文社科类,二级学科,040101教育学原理,南京师范大学
人文社科类,二级学科,040101教育学原理,华中师范大学
人文社科类,二级学科,040102课程与教学论,西南大学
人文社科类,二级学科,040103教育史,浙江大学
人文社科类,二级学科,040105学前教育学,南京师范大学
人文社科类,二级学科,040106高等教育学,厦门大学
人文社科类,二级学科,040106高等教育学,华中科技大学
人文社科类,二级学科,040110教育技术学,华南师范大学
人文社科类,二级学科,040101教育学原理,山东师范大学
人文社科类,二级学科,040102课程与教学论,南京师范大学
人文社科类,二级学科,040102课程与教学论,西北师范大学
人文社科类,一级学科,0402心理学,北京师范大学
人文社科类,二级学科,040201基础心理学,北京大学
人文社科类,二级学科,040201基础心理学,华东师范大学
人文社科类,二级学科,040201基础心理学,西南大学
人文社科类,二级学科,040202发展与教育心理学,天津师范大学
人文社科类,二级学科,040202发展与教育心理学,华南师范大学
人文社科类,二级学科,040203应用心理学,浙江大学
人文社科类,一级学科,0403体育学,北京体育大学
人文社科类,二级学科,040301体育人文社会学,华南师范大学
人文社科类,二级学科,040302运动人体科学,华东师范大学
人文社科类,二级学科,040304民族传统体育学,上海体育学院
人文社科类,一级学科,0501中国语言文学,北京大学
人文社科类,一级学科,0501中国语言文学,北京师范大学
人文社科类,一级学科,0501中国语言文学,复旦大学
人文社科类,一级学科,0501中国语言文学,南京大学
人文社科类,一级学科,0501中国语言文学,四川大学
人文社科类,二级学科,050102语言学及应用语言学,北京语言大学
人文社科类,二级学科,050103汉语言文字学,安徽大学
人文社科类,二级学科,050103汉语言文字学,华中师范大学
人文社科类,二级学科,050104中国古典文献学,浙江大学
人文社科类,二级学科,050105中国古代文学,首都师范大学
人文社科类,二级学科,050105中国古代文学,南开大学
人文社科类,二级学科,050105中国古代文学,华东师范大学
人文社科类,二级学科,050105中国古代文学,中山大学
人文社科类,二级学科,050105中国古代文学,陕西师范大学
人文社科类,二级学科,050106中国现当代文学,南京师范大学
人文社科类,二级学科,050106中国现当代文学,福建师范大学
人文社科类,二级学科,050106中国现当代文学,山东师范大学
人文社科类,二级学科,050106中国现当代文学,武汉大学
人文社科类,二级学科,050107中国少数民族语言文学,中央民族大学
人文社科类,二级学科,050107中国少数民族语言文学,内蒙古大学
人文社科类,二级学科,050107中国少数民族语言文学,新疆大学
人文社科类,二级学科,050108比较文学与世界文学,上海师范大学
人文社科类,二级学科,050101文艺学,华中师范大学
人文社科类,二级学科,050102语言学及应用语言学,南开大学
人文社科类,二级学科,050104中国古典文献学,山东大学
人文社科类,二级学科,050105中国古代文学,武汉大学
人文社科类,二级学科,050105中国古代文学,西北师范大学
人文社科类,二级学科,050201英语语言文学,北京大学
人文社科类,二级学科,050201英语语言文学,北京外国语大学
人文社科类,二级学科,050201英语语言文学,上海外国语大学
人文社科类,二级学科,050201英语语言文学,南京大学
人文社科类,二级学科,050201英语语言文学,湖南师范大学
人文社科类,二级学科,050201英语语言文学,中山大学
人文社科类,二级学科,050201英语语言文学,解放军外国语学院
人文社科类,二级学科,050202俄语语言文学,黑龙江大学
人文社科类,二级学科,050202俄语语言文学,上海外国语大学
人文社科类,二级学科,050202俄语语言文学,解放军外国语学院
人文社科类,二级学科,050204德语语言文学,北京外国语大学
人文社科类,二级学科,050206印度语言文学,北京大学
人文社科类,二级学科,050210亚非语言文学(朝鲜语言文学),延边大学
人文社科类,二级学科,050211外国语言学及应用语言学,北京外国语大学
人文社科类,二级学科,050211外国语言学及应用语言学,广东外语外贸大学
人文社科类,二级学科,050203法语语言文学,武汉大学
人文社科类,二级学科,050205日语语言文学,北京外国语大学
人文社科类,二级学科,050208阿拉伯语语言文学,上海外国语大学
人文社科类,二级学科,050210亚非语言文学,北京大学
人文社科类,一级学科,0503新闻传播学,中国人民大学
人文社科类,一级学科,0503新闻传播学,复旦大学
人文社科类,二级学科,050301新闻学,中国传媒大学
人文社科类,二级学科,050302传播学,中国传媒大学
人文社科类,二级学科,050401艺术学,东南大学
人文社科类,二级学科,050402音乐学,中央音乐学院
人文社科类,二级学科,050402音乐学,上海音乐学院
人文社科类,二级学科,050403美术学,中国美术学院
人文社科类,二级学科,050403美术学,中央美术学院
人文社科类,二级学科,050404设计艺术学,清华大学，北京协和医学院—清华大学医学部
人文社科类,二级学科,050405戏剧戏曲学,中央戏剧学院
人文社科类,二级学科,050405戏剧戏曲学,上海戏剧学院
人文社科类,二级学科,050407广播电视艺术学,中国传媒大学
人文社科类,二级学科,050403美术学,首都师范大学
人文社科类,二级学科,050403美术学,南京艺术学院
人文社科类,二级学科,050406电影学,北京师范大学
人文社科类,一级学科,0601历史学,北京大学
人文社科类,一级学科,0601历史学,南开大学
人文社科类,二级学科,060101史学理论及史学史,北京师范大学
人文社科类,二级学科,060102考古学及博物馆学,吉林大学
人文社科类,二级学科,060103历史地理学,复旦大学
人文社科类,二级学科,060103历史地理学,陕西师范大学
人文社科类,二级学科,060104历史文献学,四川大学
人文社科类,二级学科,060105专门史,清华大学，北京协和医学院—清华大学医学部
人文社科类,二级学科,060105专门史,厦门大学
人文社科类,二级学科,060105专门史,四川大学
人文社科类,二级学科,060105专门史,云南大学
人文社科类,二级学科,060105专门史,西北大学
人文社科类,二级学科,060106中国古代史,中国人民大学
人文社科类,二级学科,060106中国古代史,北京师范大学
人文社科类,二级学科,060106中国古代史,山东大学
人文社科类,二级学科,060106中国古代史,武汉大学
人文社科类,二级学科,060106中国古代史,中山大学
人文社科类,二级学科,060106中国古代史,陕西师范大学
人文社科类,二级学科,060107中国近现代史,中国人民大学
人文社科类,二级学科,060107中国近现代史,复旦大学
人文社科类,二级学科,060107中国近现代史,华中师范大学
人文社科类,二级学科,060107中国近现代史,湖南师范大学
人文社科类,二级学科,060107中国近现代史,中山大学
人文社科类,二级学科,060108世界史,首都师范大学
人文社科类,二级学科,060108世界史,东北师范大学
人文社科类,二级学科,060108世界史,南京大学
人文社科类,二级学科,060108世界史,武汉大学
人文社科类,二级学科,060104历史文献学,兰州大学
人文社科类,二级学科,060106中国古代史,郑州大学
人文社科类,二级学科,060107中国近现代史,南京大学
人文社科类,二级学科,060108世界史,华东师范大学
农学,一级学科,0901作物学,中国农业大学
农学,一级学科,0901作物学,南京农业大学
农学,一级学科,0901作物学,河南农业大学
农学,一级学科,0901作物学,华中农业大学
农学,二级学科,090101作物栽培学与耕作学,沈阳农业大学
农学,二级学科,090101作物栽培学与耕作学,山东农业大学
农学,二级学科,090101作物栽培学与耕作学,湖南农业大学
农学,二级学科,090101作物栽培学与耕作学,扬州大学
农学,二级学科,090102作物遗传育种,浙江大学
农学,二级学科,090102作物遗传育种,华南农业大学
农学,二级学科,090102作物遗传育种,华南热带农业大学
农学,二级学科,090102作物遗传育种,四川农业大学
农学,二级学科,090101作物栽培学与耕作学,吉林农业大学
农学,二级学科,090102作物遗传育种,河北农业大学
农学,二级学科,090102作物遗传育种,福建农林大学
农学,二级学科,090102作物遗传育种,西北农林科技大学
农学,一级学科,0902园艺学,浙江大学
农学,二级学科,090201果树学,中国农业大学
农学,二级学科,090201果树学,山东农业大学
农学,二级学科,090201果树学,华中农业大学
农学,二级学科,090201果树学,华南农业大学
农学,二级学科,090201果树学,西北农林科技大学
农学,二级学科,090202蔬菜学,沈阳农业大学
农学,二级学科,090202蔬菜学,南京农业大学
农学,二级学科,090201果树学,西南大学
农学,二级学科,090202蔬菜学,东北农业大学
农学,二级学科,090202蔬菜学,华中农业大学
农学,二级学科,090203茶学,安徽农业大学
农学,一级学科,0903农业资源利用,中国农业大学
农学,一级学科,0903农业资源利用,南京农业大学
农学,一级学科,0903农业资源利用,浙江大学
农学,二级学科,090301土壤学,沈阳农业大学
农学,二级学科,090301土壤学,西北农林科技大学
农学,一级学科,0904植物保护,中国农业大学
农学,一级学科,0904植物保护,南京农业大学
农学,一级学科,0904植物保护,浙江大学
农学,二级学科,090401植物病理学,福建农林大学
农学,二级学科,090401植物病理学,西北农林科技大学
农学,二级学科,090402农业昆虫与害虫防治,华南农业大学
农学,二级学科,090403农药学,南开大学
农学,二级学科,090403农药学,华中师范大学
农学,二级学科,090403农药学,贵州大学
农学,二级学科,090402农业昆虫与害虫防治,西北农林科技大学
农学,一级学科,0905畜牧学,中国农业大学
农学,二级学科,090501动物遗传育种与繁殖,华中农业大学
农学,二级学科,090501动物遗传育种与繁殖,广西大学
农学,二级学科,090501动物遗传育种与繁殖,西北农林科技大学
农学,二级学科,090502动物营养与饲料科学,东北农业大学
农学,二级学科,090502动物营养与饲料科学,四川农业大学
农学,二级学科,090503草业科学,内蒙古农业大学
农学,二级学科,090503草业科学,甘肃农业大学
农学,二级学科,090503草业科学,新疆农业大学
农学,二级学科,090504特种经济动物饲养,浙江大学
农学,二级学科,090504特种经济动物饲养,西南大学
农学,二级学科,090501动物遗传育种与繁殖,山西农业大学
农学,二级学科,090501动物遗传育种与繁殖,内蒙古农业大学
农学,二级学科,090501动物遗传育种与繁殖,东北农业大学
农学,二级学科,090501动物遗传育种与繁殖,四川农业大学
农学,二级学科,090501动物遗传育种与繁殖,扬州大学
农学,二级学科,090502动物营养与饲料科学,浙江大学
农学,一级学科,0906兽医学,中国农业大学
农学,一级学科,0906兽医学,南京农业大学
农学,二级学科,090601基础兽医学,东北农业大学
农学,二级学科,090602预防兽医学,吉林大学
农学,二级学科,090602预防兽医学,华南农业大学
农学,二级学科,090602预防兽医学,扬州大学
农学,二级学科,090603临床兽医学,西北农林科技大学
农学,二级学科,090601基础兽医学,吉林大学
农学,二级学科,090602预防兽医学,四川农业大学
农学,二级学科,090603临床兽医学,东北农业大学
农学,一级学科,0907林学,北京林业大学
农学,一级学科,0907林学,东北林业大学
农学,二级学科,090701林木遗传育种,南京林业大学
农学,二级学科,090702森林培育,中南林业科技大学
农学,二级学科,090703森林保护学,南京林业大学
农学,二级学科,090707水土保持与荒漠化防治,内蒙古农业大学
农学,一级学科,0908水产,中国海洋大学
农学,二级学科,090801水产养殖,上海水产大学
农学,二级学科,090801水产养殖,华中农业大学
医学,一级学科,1001基础医学,复旦大学
医学,一级学科,1001基础医学,第二军医大学
医学,一级学科,1001基础医学,第四军医大学
医学,二级学科,100101人体解剖与组织胚胎学,山东大学
医学,二级学科,100101人体解剖与组织胚胎学,南方医科大学
医学,二级学科,100102免疫学,北京大学
医学,二级学科,100102免疫学,北京协和医学院—清华大学医学部，清华大学
医学,二级学科,100102免疫学,第三军医大学
医学,二级学科,100104病理学与病理生理学,北京大学
医学,二级学科,100104病理学与病理生理学,北京协和医学院—清华大学医学部，清华大学
医学,二级学科,100104病理学与病理生理学,上海交通大学
医学,二级学科,100104病理学与病理生理学,华中科技大学
医学,二级学科,100104病理学与病理生理学,中南大学
医学,二级学科,100104病理学与病理生理学,汕头大学
医学,二级学科,100105法医学,四川大学
医学,二级学科,100105法医学,西安交通大学
医学,二级学科,100106放射医学,苏州大学
医学,二级学科,100101人体解剖与组织胚胎学,第三军医大学
医学,二级学科,100103病原生物学,中山大学
医学,二级学科,100104病理学与病理生理学,南京医科大学
医学,二级学科,100104病理学与病理生理学,浙江大学
医学,二级学科,100104病理学与病理生理学,郑州大学
医学,二级学科,100104病理学与病理生理学,南方医科大学
医学,二级学科,100105法医学,河北医科大学
医学,二级学科,100201内科学（肾病， 心血管病， 血液病）,北京大学
医学,二级学科,100201内科学,北京协和医学院—清华大学医学部，清华大学
医学,二级学科,100201内科学（呼吸系病，心血管病）,首都医科大学
医学,二级学科,100201内科学（呼吸系病，内分泌与代谢病）,中国医科大学
医学,二级学科,100201内科学（传染病， 肾病， 心血管病）,复旦大学
医学,二级学科,100201内科学,上海交通大学
医学,二级学科,100201内科学（血液病）,苏州大学
医学,二级学科,100201内科学（心血管病）,南京医科大学
医学,二级学科,100201内科学（传染病）,浙江大学
医学,二级学科,100201内科学（心血管病）,山东大学
医学,二级学科,100201内科学（心血管病，血液病，呼吸系病）,华中科技大学
医学,二级学科,100201内科学（内分泌与代谢病）,中南大学
医学,二级学科,100201内科学（内分泌与代谢病，肾病）,中山大学
医学,二级学科,100201内科学（呼吸系病）,广州医学院
医学,二级学科,100201内科学（呼吸系病，消化系病）,四川大学
医学,二级学科,100201内科学（传染病）,重庆医科大学
医学,二级学科,100201内科学（消化系病）,南方医科大学
医学,二级学科,100201内科学（消化系病）,第二军医大学
医学,二级学科,100201内科学（传染病，呼吸系病，心血管病）,第三军医大学
医学,二级学科,100201内科学（传染病，消化系病）,第四军医大学
医学,二级学科,100201内科学（呼吸系病，肾病）,军医进修学院
医学,二级学科,100202儿科学,北京大学
医学,二级学科,100202儿科学,首都医科大学
医学,二级学科,100202儿科学,复旦大学
医学,二级学科,100202儿科学,上海交通大学
医学,二级学科,100202儿科学,浙江大学
医学,二级学科,100202儿科学,四川大学
医学,二级学科,100202儿科学,重庆医科大学
医学,二级学科5,100203老年医学,军医进修学院
医学,二级学科5,100204神经病学,首都医科大学
医学,二级学科5,100204神经病学,吉林大学
医学,二级学科5,100204神经病学,复旦大学
医学,二级学科5,100204神经病学,中南大学
医学,二级学科5,100204神经病学,中山大学
医学,二级学科5,100204神经病学,重庆医科大学
医学,二级学科5,100205精神病与精神卫生学,北京大学
医学,二级学科5,100205精神病与精神卫生学,中南大学
医学,二级学科5,100206皮肤病与性病学,北京大学
医学,二级学科5,100206皮肤病与性病学,北京协和医学院—清华大学医学部，清华大学
医学,二级学科5,100206皮肤病与性病学,中国医科大学
医学,二级学科5,100206皮肤病与性病学,安徽医科大学
医学,二级学科5,100206皮肤病与性病学,第四军医大学
医学,二级学科5,100207影像医学与核医学,北京协和医学院—清华大学医学部，清华大学
医学,二级学科5,100207影像医学与核医学,复旦大学
医学,二级学科5,100207影像医学与核医学,四川大学
医学,二级学科5,100207影像医学与核医学,第二军医大学
医学,二级学科5,100208临床检验诊断学,重庆医科大学
医学,二级学科5,100210外科学（骨外，泌尿外）,北京大学
医学,二级学科5,100210外科学（骨外，胸心外）,北京协和医学院—清华大学医学部，清华大学
医学,二级学科5,100210外科学（神外）,首都医科大学
医学,二级学科5,100210外科学（泌尿外，神外）,天津医科大学
医学,二级学科5,100210外科学（普外）,中国医科大学
医学,二级学科5,100210,复旦大学
医学,二级学科5,外科学（骨外，整形）,上海交通大学
医学,二级学科5,100210外科学（普外）,南京大学
医学,二级学科5,100210外科学（骨外）,苏州大学
医学,二级学科5,外科学（普外）,浙江大学
医学,二级学科5,100210外科学（泌尿外，普外）,华中科技大学
医学,二级学科5,100210外科学（胸心外）,中南大学
医学,二级学科5,100210外科学（普外）,中山大学
医学,二级学科5,100210外科学（骨外，普外，胸心外）,四川大学
医学,二级学科5,100210外科学（泌尿外）,西安交通大学
医学,二级学科5,100210外科学,第二军医大学
医学,二级学科5,100210外科学,第三军医大学
医学,二级学科5,100210外科学（骨外，神外，胸心外）,第四军医大学
医学,二级学科5,100210外科学（骨外，烧伤）,军医进修学院
医学,二级学科,100211妇产科学,北京大学
医学,二级学科,100211妇产科学,北京协和医学院—清华大学医学部，清华大学
医学,二级学科,100211妇产科学,复旦大学
医学,二级学科,100211妇产科学,山东大学
医学,二级学科,100211妇产科学,华中科技大学
医学,二级学科,100211妇产科学,四川大学
医学,二级学科,100212眼科学,北京大学
医学,二级学科,100212眼科学,首都医科大学
医学,二级学科,100212眼科学,复旦大学
医学,二级学科,100212眼科学,中山大学
医学,二级学科,100212眼科学,青岛大学
医学,二级学科,100213耳鼻咽喉科学,首都医科大学
医学,二级学科,100213耳鼻咽喉科学,复旦大学
医学,二级学科,100213耳鼻咽喉科学,中南大学
医学,二级学科,100213耳鼻咽喉科学,中山大学
医学,二级学科,100213耳鼻咽喉科学,军医进修学院
医学,二级学科,100214肿瘤学,北京大学
医学,二级学科,100214肿瘤学,北京协和医学院—清华大学医学部，清华大学
医学,二级学科,100214肿瘤学,天津医科大学
医学,二级学科,100214肿瘤学,复旦大学
医学,二级学科,100214肿瘤学,浙江大学
医学,二级学科,100214肿瘤学,中山大学
医学,二级学科,100214肿瘤学,四川大学
医学,二级学科,100216运动医学,北京大学
医学,二级学科,100217麻醉学,北京协和医学院—清华大学医学部，清华大学
医学,二级学科,100217麻醉学,华中科技大学
医学,二级学科,100201内科学（消化系病）,首都医科大学
医学,二级学科,100201内科学（内分泌与代谢病）,天津医科大学
医学,二级学科,100201内科学（心血管病）,武汉大学
医学,二级学科,100201内科学（传染病）,华中科技大学
医学,二级学科,100201内科学（消化系病）,第三军医大学
医学,二级学科,100204神经病学,上海交通大学
医学,二级学科,100205精神病与精神卫生学,四川大学
医学,二级学科,100206皮肤病与性病学,西安交通大学
医学,二级学科,100207影像医学与核医学,首都医科大学
医学,二级学科,100207影像医学与核医学,中国医科大学
医学,二级学科,100207影像医学与核医学,华中科技大学
医学,二级学科,100207影像医学与核医学,第四军医大学
医学,二级学科,100210外科学（普外）,北京协和医学院－清华大学医学部，清华大学
医学,二级学科,100210外科学（普外）,哈尔滨医科大学
医学,二级学科,100210外科学（普外）,中南大学
医学,二级学科,100210外科学（骨外）,南方医科大学
医学,二级学科,100210外科学（普外）,第四军医大学
医学,二级学科,100210外科学（整形）,第四军医大学
医学,二级学科,100210外科学（普外）,军医进修学院
医学,二级学科,100211妇产科学,浙江大学
医学,二级学科,100212眼科学,浙江大学
医学,二级学科,100212眼科学,第三军医大学
医学,二级学科,100214肿瘤学,广西医科大学
医学,二级学科,100217麻醉学,四川大学
医学,一级学科,1003口腔医学,北京大学
医学,一级学科,1003口腔医学,四川大学
医学,二级学科,100301口腔基础医学,武汉大学
医学,二级学科,100302口腔临床医学,上海交通大学
医学,二级学科,100302口腔临床医学,第四军医大学
医学,二级学科,100302口腔临床医学,华中农业大学
医学,二级学科,100301口腔基础医学,上海交通大学
医学,二级学科,100301口腔基础医学,第四军医大学
医学,一级学科,1005中医学,北京中医药大学
医学,一级学科,1005中医学,广州中医药大学
医学,二级学科,100501中医基础理论,辽宁中医药大学
医学,二级学科,100501中医基础理论,山东中医药大学
医学,二级学科,100502中医临床基础,浙江中医药大学
医学,二级学科,100503中医医史文献,南京中医药大学
医学,二级学科,100503中医医史文献,山东中医药大学
医学,二级学科,100504方剂学,黑龙江中医药大学
医学,二级学科,100505中医诊断学,湖南中医药大学
医学,二级学科,100506中医内科学,天津中医药大学
医学,二级学科,100506中医内科学,上海中医药大学
医学,二级学科,100507中医外科学,上海中医药大学
医学,二级学科,100508中医骨伤科学,上海中医药大学
医学,二级学科,100509中医妇科学,黑龙江中医药大学
医学,二级学科,100509中医妇科学,成都中医药大学
医学,二级学科,100510中医儿科学,南京中医药大学
医学,二级学科,100511中医五官科学,成都中医药大学
医学,二级学科,100512针灸推拿学,天津中医药大学
医学,二级学科,100512针灸推拿学,成都中医药大学
医学,二级学科,100503中医医史文献,上海中医药大学
医学,二级学科,100506中医内科学,黑龙江中医药大学
医学,二级学科,100506中医内科学,南京中医药大学
医学,二级学科,100506中医内科学,山东中医药大学
医学,二级学科,100512针灸推拿学,上海中医药大学
医学,二级学科,100401流行病与卫生统计学,北京大学
医学,二级学科,100401流行病与卫生统计学,复旦大学
医学,二级学科,100401流行病与卫生统计学,山东大学
医学,二级学科,100402劳动卫生与环境卫生学,中国医科大学
医学,二级学科,100402劳动卫生与环境卫生学,南京医科大学
医学,二级学科,100402劳动卫生与环境卫生学,华中科技大学
医学,二级学科,100403营养与食品卫生学,哈尔滨医科大学
医学,二级学科,100403营养与食品卫生学,四川大学
医学,二级学科,100405卫生毒理学,中山大学
医学,二级学科,100406军事预防医学,第三军医大学
医学,二级学科,100406军事预防医学,第四军医大学
医学,二级学科,100406军事预防医学,第四军医大学
医学,二级学科,100404儿少卫生与妇幼保健学,北京大学
医学,二级学科,100404儿少卫生与妇幼保健学,华中科技大学
医学,二级学科,100405卫生毒理学,第三军医大学
医学,一级学科,1006中西医结合,复旦大学
医学,二级学科,100601中西医结合基础,北京中医药大学
医学,二级学科,100601中西医结合基础,河北医科大学
医学,二级学科,100602中西医结合临床,天津医科大学
医学,二级学科,100602中西医结合临床,大连医科大学
医学,二级学科,100602中西医结合临床,南方医科大学
医学,二级学科,100602中西医结合临床,第二军医大学
医学,二级学科,100601中西医结合基础,华中科技大学
医学,一级学科,1007药学,北京大学
医学,一级学科,1007药学,北京协和医学院—清华大学医学部，清华大学
医学,一级学科,1007药学,中国药科大学
医学,一级学科,1007药学,第二军医大学
医学,二级学科,100702药剂学,沈阳药科大学
医学,二级学科,100702药剂学,复旦大学
医学,二级学科,100702药剂学,四川大学
医学,二级学科,100706药理学,哈尔滨医科大学
医学,二级学科,100706药理学,南京医科大学
医学,二级学科,100706药理学,中南大学
医学,二级学科,100706药理学,中山大学
医学,二级学科,100701药物化学,山东大学
医学,二级学科,100704药物分析学,浙江大学
医学,二级学科,100706药理学,华中科技大学
医学,一级学科,1008中药学,北京中医药大学
医学,一级学科,1008中药学,黑龙江中医药大学
医学,一级学科,1008中药学,上海中医药大学
医学,一级学科,1008中药学,南京中医药大学
医学,一级学科,1008中药学,成都中医药大学
管理学,一级学科,1201管理科学与工程,清华大学，北京协和医学院—清华大学医学部
管理学,一级学科,1201管理科学与工程,北京航空航天大学
管理学,一级学科,1201管理科学与工程,天津大学
管理学,一级学科,1201管理科学与工程,大连理工大学
管理学,一级学科,1201管理科学与工程,哈尔滨工业大学
管理学,一级学科,1201管理科学与工程,上海交通大学
管理学,一级学科,1201管理科学与工程,浙江大学
管理学,一级学科,1201管理科学与工程,合肥工业大学
管理学,一级学科,1201管理科学与工程,中南大学
管理学,一级学科,1201管理科学与工程,西安交通大学
管理学,一级学科,1201管理科学与工程,国防科学技术大学
管理学,二级学科,120100管理科学与工程,复旦大学
管理学,二级学科,120100管理科学与工程,中国科学技术大学
管理学,二级学科,120100管理科学与工程,华中科技大学
管理学,一级学科,1202工商管理,中国人民大学
管理学,一级学科,1202工商管理,清华大学，北京协和医学院—清华大学医学部
管理学,一级学科,1202工商管理,厦门大学
管理学,一级学科,1202工商管理,中山大学
管理学,一级学科,1202工商管理,西安交通大学
管理学,二级学科,120201会计学,中央财经大学
管理学,二级学科,120201会计学,东北财经大学
管理学,二级学科,120201会计学,上海财经大学
管理学,二级学科,120201会计学,中南财经政法大学
管理学,二级学科,120201会计学,西南财经大学
管理学,二级学科,120202企业管理,北京大学
管理学,二级学科,120202企业管理,南开大学
管理学,二级学科,120202企业管理,南京大学
管理学,二级学科,120204技术经济及管理,重庆大学
管理学,二级学科,120202企业管理,上海交通大学
管理学,二级学科,120204技术经济及管理,天津大学
管理学,二级学科,120204技术经济及管理,大连理工大学
管理学,二级学科,120204技术经济及管理,吉林大学
管理学,二级学科,120204技术经济及管理,河海大学
管理学,二级学科,1203农业经济管理,中国人民大学
管理学,二级学科,1203农业经济管理,中国农业大学
管理学,二级学科,1203农业经济管理,南京农业大学
管理学,二级学科,1203农业经济管理,华中农业大学
管理学,二级学科,1203农业经济管理,华南农业大学
管理学,二级学科,1203农业经济管理,西北农林科技大学
管理学,二级学科,120301农业经济管理,浙江大学
管理学,二级学科,120302林业经济管理,北京林业大学
管理学,二级学科,120401行政管理,中国人民大学
管理学,二级学科,120401行政管理,中山大学
管理学,二级学科,120402社会医学与卫生事业管理,复旦大学
管理学,二级学科,120403教育经济与管理,北京大学
管理学,二级学科,120403教育经济与管理,北京师范大学
管理学,二级学科,120404社会保障,武汉大学
管理学,二级学科,120405土地资源管理,南京农业大学
管理学,一级学科,1205图书馆、情报与档案管理,武汉大学
管理学,二级学科,120501图书馆学,北京大学
管理学,二级学科,120502情报学,南京大学
管理学,二级学科,120503档案学,中国人民大学
理学,一级学科,0701数学,北京大学
理学,一级学科,0701数学,清华大学，北京协和医学院—清华大学医学部
理学,一级学科,0701数学,北京师范大学
理学,一级学科,0701数学,南开大学
理学,一级学科,0701数学,吉林大学
理学,一级学科,0701数学,复旦大学
理学,一级学科,0701数学,南京大学
理学,一级学科,0701数学,浙江大学
理学,一级学科,0701数学,中国科学技术大学
理学,一级学科,0701数学,山东大学
理学,一级学科,0701数学,四川大学
理学,二级学科,070101基础数学,首都师范大学
理学,二级学科,070101基础数学,华东师范大学
理学,二级学科,070101基础数学,厦门大学
理学,二级学科,070101基础数学,武汉大学
理学,二级学科,070101基础数学,中山大学
理学,二级学科,070102计算数学,大连理工大学
理学,二级学科,070102计算数学,湘潭大学
理学,二级学科,070102计算数学,西安交通大学
理学,二级学科,070103概率论与数理统计,中南大学
理学,二级学科,070104应用数学,新疆大学
理学,二级学科,070101基础数学,同济大学
理学,二级学科,070101基础数学,湖南师范大学
理学,二级学科,070104应用数学,上海交通大学
理学,一级学科,0702物理学,北京大学
理学,一级学科,0702物理学,清华大学，北京协和医学院—清华大学医学部
理学,一级学科,0702物理学,复旦大学
理学,一级学科,0702物理学,南京大学
理学,一级学科,0702物理学,中国科学技术大学
理学,二级学科,070201理论物理,北京师范大学
理学,二级学科,070201理论物理,浙江大学
理学,二级学科,070201理论物理,华中师范大学
理学,二级学科,070201理论物理,湖南师范大学
理学,二级学科,070202粒子物理与原子核物理,山东大学
理学,二级学科,070202粒子物理与原子核物理,兰州大学
理学,二级学科,070203原子与分子物理,吉林大学
理学,二级学科,070203原子与分子物理,四川大学
理学,二级学科,070203原子与分子物理,国防科学技术大学
理学,二级学科,070204等离子体物理,大连理工大学
理学,二级学科,070205凝聚态物理,吉林大学
理学,二级学科,070205凝聚态物理,上海交通大学
理学,二级学科,070205凝聚态物理,浙江大学
理学,二级学科,070205凝聚态物理,厦门大学
理学,二级学科,070205凝聚态物理,山东大学
理学,二级学科,070205凝聚态物理,郑州大学
理学,二级学科,070205凝聚态物理,武汉大学
理学,二级学科,070205凝聚态物理,中山大学
理学,二级学科,070207光学,北京工业大学
理学,二级学科,070207光学,南开大学
理学,二级学科,070207光学,山西大学
理学,二级学科,070207光学,哈尔滨工业大学
理学,二级学科,070207光学,上海交通大学
理学,二级学科,070207光学,华东师范大学
理学,二级学科,070207光学,华南师范大学
理学,二级学科,070208无线电物理,武汉大学
理学,二级学科,070205凝聚态物理,同济大学
理学,二级学科,070205凝聚态物理,四川大学
理学,二级学科,070207光学,中山大学
理学,一级学科,0703化学,北京大学
理学,一级学科,0703化学,南开大学
理学,一级学科,0703化学,吉林大学
理学,一级学科,0703化学,复旦大学
理学,一级学科,0703化学,南京大学
理学,一级学科,0703化学,浙江大学
理学,一级学科,0703化学,中国科学技术大学
理学,一级学科,0703化学,厦门大学
理学,二级学科,070301无机化学,中山大学
理学,二级学科,070302分析化学,清华大学，北京协和医学院—清华大学医学部
理学,二级学科,070302分析化学,武汉大学
理学,二级学科,070302分析化学,湖南大学
理学,二级学科,070303有机化学,四川大学
理学,二级学科,070303有机化学,兰州大学
理学,二级学科,070304物理化学,北京师范大学
理学,二级学科,070304物理化学,福州大学
理学,二级学科,070304物理化学,山东大学
理学,二级学科,070305高分子化学与物理,中山大学
理学,二级学科,070303有机化学,郑州大学
理学,二级学科,070304物理化学,清华大学，北京协和医学院－清华大学医学部
理学,二级学科,070305高分子化学与物理,北京化工大学
理学,一级学科,0704天文学,南京大学
理学,二级学科,070401天体物理,北京大学
理学,二级学科,070401天体物理,中国科学技术大学
理学,一级学科,0705地理学,北京大学
理学,一级学科,0705地理学,北京师范大学
理学,一级学科,0705地理学,华东师范大学
理学,二级学科,070501自然地理学,南京大学
理学,二级学科,070501自然地理学,兰州大学
理学,二级学科,070502人文地理学,中山大学
理学,二级学科,070503地图学与地理信息系统,南京师范大学
理学,二级学科,070503地图学与地理信息系统,武汉大学
理学,二级学科,070502人文地理学,南京师范大学
理学,二级学科,070503地图学与地理信息系统,中山大学
理学,一级学科,0706大气科学,北京大学
理学,二级学科,070601气象学,南京大学
理学,二级学科,070601气象学,南京信息工程大学
理学,二级学科,070602大气物理学与大气环境,南京大学
理学,二级学科,070602大气物理学与大气环境,兰州大学
理学,一级学科,0707海洋科学,厦门大学
理学,一级学科,0707海洋科学,中国海洋大学
理学,二级学科,070704海洋地质,同济大学
理学,一级学科,0708地球物理学,中国科学技术大学
理学,二级学科,070801固体地球物理学,北京大学
理学,二级学科,070802空间物理学,武汉大学
理学,一级学科,0709地质学,南京大学
理学,一级学科,0709地质学,中国地质大学
理学,一级学科,0709地质学,西北大学
理学,二级学科,070902地球化学,中国科学技术大学
理学,二级学科,070904构造地质学,北京大学
理学,二级学科,070901矿物学、岩石学、矿床学,北京大学
理学,二级学科,070901矿物学、岩石学、矿床学,成都理工大学
理学,一级学科,生物学,北京大学
理学,一级学科,生物学,北京协和医学院—清华大学医学部，清华大学
理学,一级学科,生物学,复旦大学
理学,一级学科,生物学,南京大学
理学,一级学科,生物学,中国科学技术大学
理学,一级学科,生物学,武汉大学
理学,一级学科,生物学,中山大学
理学,二级学科,植物学,中国农业大学
理学,二级学科,植物学,北京林业大学
理学,二级学科,植物学,首都师范大学
理学,二级学科,植物学,东北林业大学
理学,二级学科,植物学,浙江大学
理学,二级学科,植物学,四川大学
理学,二级学科,植物学,西北大学
理学,二级学科,植物学,兰州大学
理学,二级学科,动物学,南开大学
理学,二级学科,动物学,内蒙古大学
理学,二级学科,动物学,南京师范大学
理学,二级学科,动物学,厦门大学
理学,二级学科,生理学,山西医科大学
理学,二级学科,生理学,西安交通大学
理学,二级学科,生理学,第二军医大学
理学,二级学科,水生生物学,厦门大学
理学,二级学科,水生生物学,暨南大学
理学,二级学科,微生物学,中国农业大学
理学,二级学科,微生物学,南开大学
理学,二级学科,微生物学,山东大学
理学,二级学科,微生物学,华中农业大学
理学,二级学科,微生物学,云南大学
理学,二级学科,神经生物学,首都医科大学
理学,二级学科,神经生物学,第四军医大学
理学,二级学科,遗传学,上海交通大学
理学,二级学科,遗传学,中南大学
理学,二级学科,遗传学,
理学,二级学科,遗传学,四川大学
理学,二级学科,遗传学,第二军医大学
理学,二级学科,发育生物学,湖南师范大学
理学,二级学科,细胞生物学,北京师范大学
理学,二级学科,细胞生物学,河北师范大学
理学,二级学科,细胞生物学,东北师范大学
理学,二级学科,细胞生物学,厦门大学
理学,二级学科,细胞生物学,第四军医大学
理学,二级学科,生物化学与分子生物学,中国农业大学
理学,二级学科,生物化学与分子生物学,吉林大学
理学,二级学科,生物化学与分子生物学,上海交通大学
理学,二级学科,生物化学与分子生物学,华中农业大学
理学,二级学科,生物化学与分子生物学,第四军医大学
理学,二级学科,生物物理学,浙江大学
理学,二级学科,生物物理学,华中科技大学
理学,二级学科,生态学,北京师范大学
理学,二级学科,生态学,东北师范大学
理学,二级学科,生态学,东北林业大学
理学,二级学科,生态学,华东师范大学
理学,二级学科,生态学,南京林业大学
理学,二级学科,生态学,浙江大学
理学,二级学科,生态学,云南大学
理学,二级学科,生态学,兰州大学
理学,二级学科,植物学,南开大学
理学,二级学科,动物学,河北大学
理学,二级学科,动物学,华东师范大学
理学,二级学科,动物学,陕西师范大学
理学,二级学科,生理学,青岛大学
理学,二级学科,微生物学,广西大学
理学,二级学科,生态学,内蒙古大学
理学,二级学科,生态学,中南林业科技大学
理学,二级学科,生态学,西南大学
理学,二级学科,系统理论,北京师范大学
理学,二级学科,系统分析与集成,华东师范大学
理学,一级学科,071200科学技术史,北京科技大学
理学,一级学科,071200科学技术史,中国科学技术大学
理学,二级学科,071200科学技术史,西北大学
工学,一级学科,0801力学,北京大学
工学,一级学科,0801力学,清华大学，北京协和医学院—清华大学医学部
工学,一级学科,0801力学,北京航空航天大学
工学,一级学科,0801力学,大连理工大学
工学,一级学科,0801力学,哈尔滨工业大学
工学,一级学科,0801力学,上海交通大学
工学,一级学科,0801力学,南京航空航天大学
工学,一级学科,0801力学,中国科学技术大学
工学,二级学科,080101一般力学与力学基础,湘潭大学
工学,二级学科,080102固体力学,浙江大学
工学,二级学科,080102固体力学,四川大学
工学,二级学科,080102固体力学,西安交通大学
工学,二级学科,080102固体力学,西北工业大学
工学,二级学科,080102固体力学,兰州大学
工学,二级学科,080103流体力学,天津大学
工学,二级学科,080103流体力学,上海大学
工学,二级学科,080104工程力学,北京理工大学
工学,二级学科,080104工程力学,同济大学
工学,二级学科,080104工程力学,中国矿业大学
工学,二级学科,080104工程力学,河海大学
工学,二级学科,一般力学与力学基础,天津大学
工学,二级学科,流体力学,西北工业大学
工学,一级学科,0802机械工程,清华大学，北京协和医学院—清华大学医学部
工学,一级学科,0802机械工程,北京航空航天大学
工学,一级学科,0802机械工程,北京理工大学
工学,一级学科,0802机械工程,吉林大学
工学,一级学科,0802机械工程,哈尔滨工业大学
工学,一级学科,0802机械工程,燕山大学
工学,一级学科,0802机械工程,上海交通大学
工学,一级学科,0802机械工程,浙江大学
工学,一级学科,0802机械工程,华中科技大学
工学,一级学科,0802机械工程,湖南大学
工学,一级学科,0802机械工程,中南大学
工学,一级学科,0802机械工程,重庆大学
工学,一级学科,0802机械工程,西南交通大学
工学,一级学科,0802机械工程,西安交通大学
工学,二级学科,080201机械制造及其自动化,大连理工大学
工学,二级学科,080201机械制造及其自动化,南京航空航天大学
工学,二级学科,080201机械制造及其自动化,山东大学
工学,二级学科,080201机械制造及其自动化,武汉理工大学
工学,二级学科,080202机械电子工程,上海大学
工学,二级学科,080202机械电子工程,西北工业大学
工学,二级学科,080202机械电子工程,国防科学技术大学
工学,二级学科,080203机械设计及理论,北京科技大学
工学,二级学科,080203机械设计及理论,天津大学
工学,二级学科,080203机械设计及理论,东北大学
工学,二级学科,080203机械设计及理论,同济大学
工学,二级学科,080203机械设计及理论,中国矿业大学
工学,二级学科,080203机械设计及理论,合肥工业大学
工学,二级学科,080201机械制造及其自动化,东南大学
工学,二级学科,080201机械制造及其自动化,江苏大学
工学,二级学科,080201机械制造及其自动化,华南理工大学
工学,二级学科,080203机械设计及理论,东华大学
工学,二级学科,080204车辆工程,同济大学
工学,一级学科,0803光学工程,清华大学，北京协和医学院—清华大学医学部
工学,一级学科,0803光学工程,北京理工大学
工学,一级学科,0803光学工程,南开大学
工学,一级学科,0803光学工程,天津大学
工学,一级学科,0803光学工程,长春理工大学
工学,一级学科,0803光学工程,南京理工大学
工学,一级学科,0803光学工程,浙江大学
工学,一级学科,0803光学工程,华中科技大学
工学,一级学科,0803光学工程,国防科学技术大学
工学,二级学科,080300光学工程,上海理工大学
工学,二级学科,080300光学工程,电子科技大学
工学,一级学科,0804仪器科学与技术,北京航空航天大学
工学,一级学科,0804仪器科学与技术,天津大学
工学,一级学科,0804仪器科学与技术,哈尔滨工业大学
工学,二级学科,080401精密仪器及机械,清华大学，北京协和医学院—清华大学医学部
工学,二级学科,080401精密仪器及机械,重庆大学
工学,二级学科,080401精密仪器及机械,上海交通大学
工学,一级学科,0805材料科学与工程,清华大学，北京协和医学院—清华大学医学部
工学,一级学科,0805材料科学与工程,北京航空航天大学
工学,一级学科,0805材料科学与工程,北京科技大学
工学,一级学科,0805材料科学与工程,天津大学
工学,一级学科,0805材料科学与工程,东北大学
工学,一级学科,0805材料科学与工程,哈尔滨工业大学
工学,一级学科,0805材料科学与工程,上海交通大学
工学,一级学科,0805材料科学与工程,浙江大学
工学,一级学科,0805材料科学与工程,山东大学
工学,一级学科,0805材料科学与工程,华中科技大学
工学,一级学科,0805材料科学与工程,武汉理工大学
工学,一级学科,0805材料科学与工程,中南大学
工学,一级学科,0805材料科学与工程,华南理工大学
工学,一级学科,0805材料科学与工程,四川大学
工学,一级学科,0805材料科学与工程,西安交通大学
工学,一级学科,0805材料科学与工程,西北工业大学
工学,二级学科,080501材料物理与化学,河北工业大学
工学,二级学科,080501材料物理与化学,南京大学
工学,二级学科,080501材料物理与化学,南昌大学
工学,二级学科,080502材料学,北京工业大学
工学,二级学科,080502材料学,北京化工大学
工学,二级学科,080502材料学,燕山大学
工学,二级学科,080502材料学,同济大学
工学,二级学科,080502材料学,东华大学
工学,二级学科,080502材料学,南京理工大学
工学,二级学科,080502材料学,重庆大学
工学,二级学科,080503材料加工工程,太原理工大学
工学,二级学科,080503材料加工工程,吉林大学
工学,二级学科,080503材料加工工程,郑州大学
工学,二级学科,080501材料物理与化学,复旦大学
工学,二级学科,080502材料学,北京理工大学
工学,二级学科,080502材料学,吉林大学
工学,二级学科,080502材料学,华东理工大学
工学,二级学科,080502材料学,武汉科技大学
工学,二级学科,080503材料加工工程,南昌大学
工学,一级学科,080601冶金工程,北京科技大学
工学,一级学科,080601冶金工程,东北大学
工学,二级学科,080602钢铁冶金,上海大学
工学,二级学科,080603有色金属冶金,中南大学
工学,二级学科,080603有色金属冶金,昆明理工大学
工学,二级学科,080602钢铁冶金,重庆大学
工学,一级学科,0807动力工程及工程热物理,清华大学，北京协和医学院—清华大学医学部
工学,一级学科,0807动力工程及工程热物理,哈尔滨工业大学
工学,一级学科,0807动力工程及工程热物理,上海交通大学
工学,一级学科,0807动力工程及工程热物理,浙江大学
工学,一级学科,0807动力工程及工程热物理,华中科技大学
工学,一级学科,0807动力工程及工程热物理,西安交通大学
工学,二级学科,080701工程热物理,重庆大学
工学,二级学科,080702热能工程,北京科技大学
工学,二级学科,080702热能工程,华北电力大学
工学,二级学科,080702热能工程,东南大学
工学,二级学科,080703动力机械及工程,北京理工大学
工学,二级学科,080703动力机械及工程,天津大学
工学,二级学科,080704流体机械及工程,江苏大学
工学,二级学科,080706化工过程机械,北京化工大学
工学,二级学科,080706化工过程机械,华东理工大学
工学,二级学科,080703动力机械及工程,大连理工大学
工学,二级学科,080704流体机械及工程,北京航空航天大学
工学,一级学科,0808电气工程,清华大学，北京协和医学院—清华大学医学部
工学,一级学科,0808电气工程,浙江大学
工学,一级学科,0808电气工程,华中科技大学
工学,一级学科,0808电气工程,重庆大学
工学,一级学科,0808电气工程,西安交通大学
工学,二级学科,080801电机与电器,河北工业大学
工学,二级学科,080801电机与电器,沈阳工业大学
工学,二级学科,080801电机与电器,哈尔滨工业大学
工学,二级学科,080802电力系统及其自动化,天津大学
工学,二级学科,080802电力系统及其自动化,华北电力大学
工学,二级学科,080802电力系统及其自动化,西南交通大学
工学,二级学科,080802电力系统及其自动化,海军工程大学
工学,二级学科,080803高电压与绝缘技术,哈尔滨理工大学
工学,二级学科,080804电力电子与电力传动,中国矿业大学
工学,二级学科,080804电力电子与电力传动,合肥工业大学
工学,二级学科,080802电力系统及其自动化,上海交通大学
工学,二级学科,080802电力系统及其自动化,山东大学
工学,二级学科,080804电力电子与电力传动,南京航空航天大学
工学,二级学科,080804电力电子与电力传动,西南交通大学
工学,二级学科,080805电工理论与新技术,湖南大学
工学,一级学科,0809电子科学与技术,北京大学
工学,一级学科,0809电子科学与技术,清华大学，北京协和医学院—清华大学医学部
工学,一级学科,0809电子科学与技术,北京邮电大学
工学,一级学科,0809电子科学与技术,复旦大学
工学,一级学科,0809电子科学与技术,东南大学
工学,一级学科,0809电子科学与技术,电子科技大学
工学,一级学科,0809电子科学与技术,西安电子科技大学
工学,二级学科,080901物理电子学,北京理工大学
工学,二级学科,080901物理电子学,哈尔滨工业大学
工学,二级学科,080902电路与系统,西北工业大学
工学,二级学科,080903微电子学与固体电子学,天津大学
工学,二级学科,080903微电子学与固体电子学,吉林大学
工学,二级学科,080903微电子学与固体电子学,南京大学
工学,二级学科,080903微电子学与固体电子学,华中科技大学
工学,二级学科,080903微电子学与固体电子学,西安交通大学
工学,二级学科,080904电磁场与微波技术,北京航空航天大学
工学,二级学科,080904电磁场与微波技术,上海交通大学
工学,二级学科,080904电磁场与微波技术,南京理工大学
工学,二级学科,080901物理电子学,西安交通大学
工学,二级学科,080903微电子学与固体电子学,国防科学技术大学
工学,一级学科,0810信息与通信工程,清华大学，北京协和医学院—清华大学医学部
工学,一级学科,0810信息与通信工程,北京交通大学
工学,一级学科,0810信息与通信工程,北京理工大学
工学,一级学科,0810信息与通信工程,北京邮电大学
工学,一级学科,0810信息与通信工程,东南大学
工学,一级学科,0810信息与通信工程,电子科技大学
工学,一级学科,0810信息与通信工程,西安电子科技大学
工学,一级学科,0810信息与通信工程,国防科学技术大学
工学,二级学科,081001通信与信息系统,北京大学
工学,二级学科,081001通信与信息系统,北京航空航天大学
工学,二级学科,081001通信与信息系统,天津大学
工学,二级学科,081001通信与信息系统,哈尔滨工业大学
工学,二级学科,081001通信与信息系统,上海交通大学
工学,二级学科,081001通信与信息系统,浙江大学
工学,二级学科,081001通信与信息系统,中国科学技术大学
工学,二级学科,081001通信与信息系统,华南理工大学
工学,二级学科,081001通信与信息系统,解放军信息工程大学
工学,二级学科,081001通信与信息系统,解放军理工大学
工学,二级学科,081001通信与信息系统,华中科技大学
工学,二级学科,081001通信与信息系统,西安交通大学
工学,二级学科,081001通信与信息系统,海军航空工程学院
工学,二级学科,081002信号与信息处理,哈尔滨工业大学
工学,二级学科,081002信号与信息处理,上海交通大学
工学,二级学科,081002信号与信息处理,南京邮电大学
工学,一级学科,0811控制科学与工程,清华大学，北京协和医学院—清华大学医学部
工学,一级学科,0811控制科学与工程,北京航空航天大学
工学,一级学科,0811控制科学与工程,东北大学
工学,一级学科,0811控制科学与工程,哈尔滨工业大学
工学,一级学科,0811控制科学与工程,上海交通大学
工学,一级学科,0811控制科学与工程,浙江大学
工学,一级学科,0811控制科学与工程,华中科技大学
工学,一级学科,0811控制科学与工程,西安交通大学
工学,一级学科,0811控制科学与工程,国防科学技术大学
工学,二级学科,081101控制理论与控制工程,北京理工大学
工学,二级学科,081101控制理论与控制工程,同济大学
工学,二级学科,081101控制理论与控制工程,华东理工大学
工学,二级学科,081101控制理论与控制工程,东南大学
工学,二级学科,081101控制理论与控制工程,山东大学
工学,二级学科,081101控制理论与控制工程,湖南大学
工学,二级学科,081101控制理论与控制工程,中南大学
工学,二级学科,081101控制理论与控制工程,西北工业大学
工学,二级学科,081102检测技术与自动化装置,天津大学
工学,二级学科,081104模式识别与智能系统,南京理工大学
工学,二级学科,081105导航、制导与控制,哈尔滨工程大学
工学,二级学科,081105导航、制导与控制,第二炮兵工程学院
工学,二级学科,081101控制理论与控制工程,北京科技大学
工学,二级学科,081105导航、制导与控制,北京理工大学
工学,二级学科,081105导航、制导与控制,南京航空航天大学
工学,二级学科,081105导航、制导与控制,西北工业大学
工学,一级学科,0812计算机科学与技术,北京大学
工学,一级学科,0812计算机科学与技术,清华大学，北京协和医学院—清华大学医学部
工学,一级学科,0812计算机科学与技术,北京航空航天大学
工学,一级学科,0812计算机科学与技术,哈尔滨工业大学
工学,一级学科,0812计算机科学与技术,上海交通大学
工学,一级学科,0812计算机科学与技术,南京大学
工学,一级学科,0812计算机科学与技术,国防科学技术大学
工学,二级学科,081201计算机系统结构,华中科技大学
工学,二级学科,081202计算机软件与理论,吉林大学
工学,二级学科,081202计算机软件与理论,复旦大学
工学,二级学科,081202计算机软件与理论,中国科学技术大学
工学,二级学科,081202计算机软件与理论,武汉大学
工学,二级学科,081203计算机应用技术,东北大学
工学,二级学科,081203计算机应用技术,东南大学
工学,二级学科,081203计算机应用技术,浙江大学
工学,二级学科,081203计算机应用技术,安徽大学
工学,二级学科,081203计算机应用技术,四川大学
工学,二级学科,081203计算机应用技术,西北工业大学
工学,二级学科,081202计算机软件与理论,浙江大学
工学,二级学科,081202计算机软件与理论,重庆大学
工学,二级学科,081203计算机应用技术,电子科技大学
工学,一级学科,0813建筑学,清华大学，北京协和医学院—清华大学医学部
工学,一级学科,0813建筑学,天津大学
工学,一级学科,0813建筑学,同济大学
工学,一级学科,0813建筑学,东南大学
工学,二级学科,081302建筑设计及其理论,西安建筑科技大学
工学,二级学科,081303城市规划与设计,重庆大学
工学,二级学科,081303建筑设计及其理论,华南理工大学
工学,一级学科,0814土木工程,清华大学，北京协和医学院—清华大学医学部
工学,一级学科,0814土木工程,哈尔滨工业大学
工学,一级学科,0814土木工程,同济大学
工学,一级学科,0814土木工程,浙江大学
工学,一级学科,0814土木工程,湖南大学
工学,一级学科,0814土木工程,中南大学
工学,二级学科,081401岩土工程,中国矿业大学
工学,二级学科,081401岩土工程,河海大学
工学,二级学科,081401岩土工程,四川大学
工学,二级学科,081401岩土工程,重庆大学
工学,二级学科,081402结构工程,北京工业大学
工学,二级学科,081402结构工程,天津大学
工学,二级学科,081402结构工程,大连理工大学
工学,二级学科,081402结构工程,东南大学
工学,二级学科,081402结构工程,广西大学
工学,二级学科,081402结构工程,西安建筑科技大学
工学,二级学科,081405防灾减灾工程及防护工程,解放军理工大学
工学,二级学科,081406桥梁与隧道工程,北京交通大学
工学,二级学科,081406桥梁与隧道工程,西南交通大学
工学,二级学科,081401岩土工程,西南交通大学
工学,二级学科,081402结构工程,福州大学
工学,二级学科,081406桥梁与隧道工程,解放军理工大学
工学,一级学科,0815水利工程,清华大学，北京协和医学院—清华大学医学部
工学,一级学科,0815水利工程,天津大学
工学,一级学科,0815水利工程,大连理工大学
工学,一级学科,0815水利工程,河海大学
工学,一级学科,0815水利工程,武汉大学
工学,一级学科,0815水利工程,西安理工大学
工学,二级学科,081502水力学及河流动力学,四川大学
工学,二级学科,081504水利水电工程,华中科技大学
工学,二级学科,081501水文学及水资源,南京大学
工学,二级学科,081501水文学及水资源,四川大学
工学,二级学科,081504水利水电工程,新疆农业大学
工学,二级学科,081505港口、海岸及近海工程,中国海洋大学
工学,一级学科,0816测绘科学与技术,武汉大学
工学,一级学科,0816测绘科学与技术,解放军信息工程大学
工学,二级学科,081601大地测量学与测量工程,同济大学
工学,二级学科,081601大地测量学与测量工程,中国矿业大学
工学,一级学科,0817化学工程与技术,清华大学，北京协和医学院—清华大学医学部
工学,一级学科,0817化学工程与技术,北京化工大学
工学,一级学科,0817化学工程与技术,天津大学
工学,一级学科,0817化学工程与技术,大连理工大学
工学,一级学科,0817化学工程与技术,华东理工大学
工学,一级学科,0817化学工程与技术,南京工业大学
工学,二级学科,081701化学工程,浙江大学
工学,二级学科,081701化学工程,华南理工大学
工学,二级学科,081701化学工程,四川大学
工学,二级学科,081702化学工艺,太原理工大学
工学,二级学科,081702化学工艺,中国石油大学
工学,二级学科,081704应用化学,北京理工大学
工学,二级学科,081704应用化学,南京理工大学
工学,二级学科,081701化学工艺,郑州大学
工学,二级学科,081703生物化工,浙江大学
工学,二级学科,081705工业催化,浙江工业大学
工学,二级学科,081705工业催化,中国石油大学
工学,一级学科,0818地质资源与地质工程,吉林大学
工学,一级学科,0818地质资源与地质工程,中国地质大学
工学,一级学科,0818地质资源与地质工程,成都理工大学
工学,二级学科,081801矿产普查与勘探,中国矿业大学
工学,二级学科,081801矿产普查与勘探,西北大学
工学,二级学科,081801矿产普查与勘探,中国石油大学
工学,二级学科,081802地球探测与信息技术,中南大学
工学,二级学科,081803地质工程,长安大学
工学,二级学科,081802地球探测与信息技术,中国石油大学
工学,一级学科,0819矿业工程,北京科技大学
工学,一级学科,0819矿业工程,中国矿业大学
工学,一级学科,0819矿业工程,中南大学
工学,二级学科,081901采矿工程,东北大学
工学,二级学科,081901采矿工程,重庆大学
工学,二级学科,081903安全技术及工程,西安科技大学
工学,二级学科,081901采矿工程,太原理工大学
工学,二级学科,081901采矿工程,山东科技大学
工学,二级学科,081902矿物加工工程,东北大学
工学,二级学科,081902矿物加工工程,武汉理工大学
工学,二级学科,081903安全技术及工程,辽宁工程技术大学
工学,二级学科,081903安全技术及工程,中国科学技术大学
工学,一级学科,0820石油与天然气工程,大庆石油学院
工学,一级学科,0820石油与天然气工程,西南石油大学
工学,一级学科,0820石油与天然气工程,中国石油大学
工学,二级学科,082003油气储运工程,后勤工程学院
工学,一级学科,0821纺织科学与工程,东华大学
工学,二级学科,082101纺织工程,天津工业大学
工学,二级学科,082101纺织工程,苏州大学
工学,一级学科,0822轻工技术与工程,华南理工大学
工学,二级学科,082203发酵工程,天津科技大学
工学,二级学科,082203发酵工程,江南大学
工学,二级学科,082204皮革化学与工程,四川大学
工学,一级学科,0823交通运输工程,北京交通大学
工学,一级学科,0823交通运输工程,同济大学
工学,一级学科,0823交通运输工程,东南大学
工学,一级学科,0823交通运输工程,中南大学
工学,一级学科,0823交通运输工程,西南交通大学
工学,一级学科,0823交通运输工程,长安大学
工学,二级学科,082302交通信息工程及控制,大连海事大学
工学,二级学科,082302交通信息工程及控制,吉林大学
工学,二级学科,082303交通运输规划与管理,上海海事大学
工学,一级学科,0824船舶与海洋工程,哈尔滨工程大学
工学,一级学科,0824船舶与海洋工程,上海交通大学
工学,一级学科,0824船舶与海洋工程,武汉理工大学
工学,二级学科,082401船舶与海洋结构物设计制造,大连理工大学
工学,二级学科,082402轮机工程,大连海事大学
工学,二级学科,082402轮机工程,海军工程大学
工学,二级学科,082403水声工程,西北工业大学
工学,一级学科,0825航空宇航科学与技术,北京航空航天大学
工学,一级学科,0825航空宇航科学与技术,南京航空航天大学
工学,一级学科,0825航空宇航科学与技术,西北工业大学
工学,二级学科,082501飞行器设计,哈尔滨工业大学
工学,二级学科,082502航空宇航推进理论与工程,国防科学技术大学
工学,二级学科,082502航空宇航推进理论与工程,空军工程大学
工学,二级学科,082501飞行器设计,北京理工大学
工学,二级学科,082501飞行器设计,国防科学技术大学
工学,一级学科,0826兵器科学与技术,北京理工大学
工学,一级学科,0826兵器科学与技术,南京理工大学
工学,一级学科,0826兵器科学与技术,军械工程学院
工学,二级学科,082601武器系统与运用工程,西北工业大学
工学,二级学科,082602兵器发射理论与技术,第二炮兵工程学院
工学,二级学科,082601武器系统与运用工程,中北大学
工学,一级学科,0827核科学与技术,清华大学，北京协和医学院—清华大学医学部
工学,一级学科,0827核科学与技术,中国科学技术大学
工学,二级学科,082701核能科学与工程,西安交通大学
工学,二级学科,082703核技术及应用,北京大学
工学,二级学科,082703核技术及应用,四川大学
工学,一级学科,0828农业工程,中国农业大学
工学,二级学科,082801农业机械化工程,吉林大学
工学,二级学科,082801农业机械化工程,东北农业大学
工学,二级学科,082801农业机械化工程,浙江大学
工学,二级学科,082802农业水土工程,西北农林科技大学
工学,二级学科,082804农业电气化与自动化,江苏大学
工学,二级学科,082801农业机械化工程,华南农业大学
工学,二级学科,082802农业水土工程,内蒙古农业大学
工学,一级学科,0829林业工程,东北林业大学
工学,一级学科,0829林业工程,南京林业大学
工学,二级学科,082902木材科学与技术,北京林业大学
工学,二级学科,082902木材科学与技术,中南林业科技大学
工学,二级学科,083001环境科学,北京大学
工学,二级学科,083001环境科学,北京师范大学
工学,二级学科,083001环境科学,南开大学
工学,二级学科,083001环境科学,南京大学
工学,二级学科,083001环境科学,厦门大学
工学,二级学科,083001环境科学,中国海洋大学
工学,二级学科,083002环境工程,清华大学，北京协和医学院—清华大学医学部
工学,二级学科,083002环境工程,大连理工大学
工学,二级学科,083002环境工程,哈尔滨工业大学
工学,二级学科,083002环境工程,同济大学
工学,二级学科,083002环境工程,浙江大学
工学,二级学科,083002环境工程,湖南大学
工学,二级学科,083002环境工程,西安建筑科技大学
工学,二级学科,083001环境科学,哈尔滨工业大学
工学,二级学科,083002环境工程,南京大学
工学,二级学科,083002环境工程,河海大学
工学,二级学科,083002环境工程,昆明理工大学
工学,一级学科,0831生物医学工程,清华大学，北京协和医学院—清华大学医学部
工学,一级学科,0831生物医学工程,上海交通大学
工学,一级学科,0831生物医学工程,东南大学
工学,一级学科,0831生物医学工程,浙江大学
工学,一级学科,0831生物医学工程,华中科技大学
工学,一级学科,0831生物医学工程,四川大学
工学,一级学科,0831生物医学工程,重庆大学
工学,一级学科,0831生物医学工程,西安交通大学
工学,一级学科,0832食品科学与工程,江南大学
工学,二级学科,083201食品科学,南昌大学
工学,二级学科,083201食品科学,华南理工大学
工学,二级学科,083203农产品加工及贮藏工程,中国农业大学
工学,二级学科,083204水产品加工及贮藏工程,中国海洋大学
工学,二级学科,083201食品科学,中国农业大学
工学,二级学科,083201食品科学,南京农业大学
工学,二级学科,083203农产品加工及贮藏工程,合肥工业大学
